[{"col":1,"row":1,"width":12,"height":127,"children":[{"id":"utvalg_innkomstjurnal_kursbergen","rows":[{"cols":[{"width":"100%","children":[{"id":"utvalg_innkomstjurnal_kursbergen/start_time","rows":[]},{"id":"utvalg_innkomstjurnal_kursbergen/end_time","rows":[]},{"id":"utvalg_innkomstjurnal_kursbergen/anamnese@Anamnese","rows":[{"cols":[{"width":"100%","children":[{"id":"utvalg_innkomstjurnal_kursbergen/anamnese@Anamnese/aktuelt_anamnese@Aktuelt/anamnese","rows":[{"cols":[{"width":"100%","children":[{"id":"utvalg_innkomstjurnal_kursbergen/anamnese@Anamnese/aktuelt_anamnese@Aktuelt/anamnese/event_series/origin","rows":[]},{"id":"utvalg_innkomstjurnal_kursbergen/anamnese@Anamnese/aktuelt_anamnese@Aktuelt/anamnese/innkomst@Innkomst","rows":[{"cols":[{"width":"100%","children":[{"id":"utvalg_innkomstjurnal_kursbergen/anamnese@Anamnese/aktuelt_anamnese@Aktuelt/anamnese/innkomst@Innkomst/aktuelt_anamnese@Aktuelt/Anamnese","rows":[]},{"id":"utvalg_innkomstjurnal_kursbergen/anamnese@Anamnese/aktuelt_anamnese@Aktuelt/anamnese/innkomst@Innkomst/time","rows":[]}]}]}]}]}]}]}]}]}]},{"id":"utvalg_innkomstjurnal_kursbergen/status_presens@Status presens","rows":[{"cols":[{"width":"100%","children":[{"id":"utvalg_innkomstjurnal_kursbergen/status_presens@Status presens/vitale_målinger@Vitale målinger","rows":[{"cols":[{"width":"33%","children":[{"id":"utvalg_innkomstjurnal_kursbergen/status_presens@Status presens/vitale_målinger@Vitale målinger/høyde_lengde","rows":[{"cols":[{"width":"100%","children":[{"id":"utvalg_innkomstjurnal_kursbergen/status_presens@Status presens/vitale_målinger@Vitale målinger/høyde_lengde/history/origin","rows":[]},{"id":"utvalg_innkomstjurnal_kursbergen/status_presens@Status presens/vitale_målinger@Vitale målinger/høyde_lengde/innkomst@Innkomst","rows":[{"cols":[{"width":"100%","children":[{"id":"utvalg_innkomstjurnal_kursbergen/status_presens@Status presens/vitale_målinger@Vitale målinger/høyde_lengde/innkomst@Innkomst/høyde_(cm)@Høyde (cm)","rows":[]},{"id":"utvalg_innkomstjurnal_kursbergen/status_presens@Status presens/vitale_målinger@Vitale målinger/høyde_lengde/innkomst@Innkomst/time","rows":[]}]}]}]}]}]}]}]},{"width":"33%","children":[{"id":"utvalg_innkomstjurnal_kursbergen/status_presens@Status presens/vitale_målinger@Vitale målinger/kroppsvekt","rows":[{"cols":[{"width":"100%","children":[{"id":"utvalg_innkomstjurnal_kursbergen/status_presens@Status presens/vitale_målinger@Vitale målinger/kroppsvekt/history/origin","rows":[]},{"id":"utvalg_innkomstjurnal_kursbergen/status_presens@Status presens/vitale_målinger@Vitale målinger/kroppsvekt/innkomst@Innkomst","rows":[{"cols":[{"width":"100%","children":[{"id":"utvalg_innkomstjurnal_kursbergen/status_presens@Status presens/vitale_målinger@Vitale målinger/kroppsvekt/innkomst@Innkomst/vekt@Vekt","rows":[]},{"id":"utvalg_innkomstjurnal_kursbergen/status_presens@Status presens/vitale_målinger@Vitale målinger/kroppsvekt/innkomst@Innkomst/time","rows":[]}]}]}]}]}]}]}]},{"width":"34%","children":[{"id":"utvalg_innkomstjurnal_kursbergen/status_presens@Status presens/vitale_målinger@Vitale målinger/kroppsmasseindeks","rows":[{"cols":[{"width":"100%","children":[{"id":"utvalg_innkomstjurnal_kursbergen/status_presens@Status presens/vitale_målinger@Vitale målinger/kroppsmasseindeks/history/origin","rows":[]},{"id":"utvalg_innkomstjurnal_kursbergen/status_presens@Status presens/vitale_målinger@Vitale målinger/kroppsmasseindeks/innkomst@Innkomst","rows":[{"cols":[{"width":"100%","children":[{"id":"utvalg_innkomstjurnal_kursbergen/status_presens@Status presens/vitale_målinger@Vitale målinger/kroppsmasseindeks/innkomst@Innkomst/kroppsmasseindeks","rows":[]},{"id":"utvalg_innkomstjurnal_kursbergen/status_presens@Status presens/vitale_målinger@Vitale målinger/kroppsmasseindeks/innkomst@Innkomst/time","rows":[]}]}]}]}]}]}]}]}]}]}]}]}]},{"id":"utvalg_innkomstjurnal_kursbergen/resymé,_vurdering_og_tiltak@Resymé, vurdering og tiltak","rows":[{"cols":[{"width":"100%","children":[{"id":"utvalg_innkomstjurnal_kursbergen/resymé,_vurdering_og_tiltak@Resymé, vurdering og tiltak/sammendrag_resymé@Sammendrag/resymé","rows":[{"cols":[{"width":"100%","children":[{"id":"utvalg_innkomstjurnal_kursbergen/resymé,_vurdering_og_tiltak@Resymé, vurdering og tiltak/sammendrag_resymé@Sammendrag/resymé/sammendrag_resymé@Sammendrag/resymé","rows":[]}]}]}]}]}]}]}]}]}]}]}]