{"name":"Form root","localizedNames":{},"localizedDescriptions":{},"rmType":"FORM_DEFINITION","min":0,"max":0,"formId":"form_root","viewConfig":{"label":{"custom":false,"useLocalizations":false},"size":{"field":"inherit","label":"inherit"},"layout":{"label":{"valign":"inherit","align":"inherit"},"field":{"valign":"inherit","align":"inherit"}},"annotations":{"form.mode":"InfieldTopAlignedLabels"}},"children":[{"name":"Utvalg_Innkomstjurnal_KursBergen","localizedName":"Utvalg_Innkomstjurnal_KursBergen","localizedNames":{"en":"*Utvalg_Innkomstjurnal_KursBergen (nb)","nb":"Forenklet innkomstournal kurs"},"localizedDescriptions":{"nb":"Interaksjon, kontakt eller omsorgshendelse mellom et individ og helsepersonell.","en":"*Interaksjon, kontakt eller omsorgshendelse mellom et individ og helsepersonell. (nb)"},"rmType":"COMPOSITION","nodeId":"openEHR-EHR-COMPOSITION.encounter.v1","min":1,"max":1,"aqlPath":"/","inputs":[],"formId":"utvalg_innkomstjurnal_kursbergen","viewConfig":{"multiplicity":{"min":1,"max":1},"advanced":{"hidden":false,"readonly":false,"hideFrame":false,"render":false},"label":{"custom":false,"useLocalizations":false},"size":{"field":"inherit","label":"inherit"},"layout":{"label":{"valign":"inherit","align":"inherit"},"field":{"valign":"inherit","align":"inherit"}},"annotations":{},"field":{}},"children":[{"name":"Start time","localizedName":"Start time","localizedNames":{"en":"*Start time (en)","nb":"Registreringstidspunkt"},"localizedDescriptions":{},"rmType":"DV_DATE_TIME","min":0,"max":1,"aqlPath":"/context/start_time","inputs":[{"type":"DATETIME","listOpen":false}],"formId":"utvalg_innkomstjurnal_kursbergen/start_time","viewConfig":{"multiplicity":{"min":0,"max":1},"advanced":{"hidden":false,"readonly":false,"hideFrame":false,"render":false},"label":{"custom":false,"useLocalizations":false},"size":{"field":"inherit","label":"inherit"},"layout":{"label":{"valign":"inherit","align":"inherit"},"field":{"valign":"inherit","align":"inherit"}},"annotations":{},"field":{"input":{"hideTime":false,"dateFormat":"","hideDate":false}}}},{"name":"End time","localizedName":"End time","localizedNames":{"en":"*End time (en)","nb":"End time"},"localizedDescriptions":{},"rmType":"DV_DATE_TIME","min":0,"max":1,"aqlPath":"/context/end_time","inputs":[{"type":"DATETIME","listOpen":false}],"formId":"utvalg_innkomstjurnal_kursbergen/end_time","viewConfig":{"multiplicity":{"min":0,"max":1},"advanced":{"hidden":true,"readonly":false,"hideFrame":false,"render":false},"label":{"custom":false,"useLocalizations":false},"size":{"field":"inherit","label":"inherit"},"layout":{"label":{"valign":"inherit","align":"inherit"},"field":{"valign":"inherit","align":"inherit"}},"annotations":{},"field":{"input":{"hideTime":false,"dateFormat":"","hideDate":false}}}},{"name":"Anamnese","localizedName":"Anamnese","localizedNames":{"en":"*Anamnese (en)","nb":"Anamnese"},"localizedDescriptions":{"nb":"En generisk seksjonsoverskrift som skal gis nytt navn i en templat for å passe i en gitt klinisk kontekst.","en":"*En generisk seksjonsoverskrift som skal gis nytt navn i en templat for å passe i en gitt klinisk kontekst. (nb)"},"rmType":"SECTION","nodeId":"openEHR-EHR-SECTION.adhoc.v1","min":1,"max":1,"aqlPath":"/content[openEHR-EHR-SECTION.adhoc.v1 and name/value='Anamnese']","inputs":[],"formId":"utvalg_innkomstjurnal_kursbergen/anamnese@Anamnese","viewConfig":{"multiplicity":{"min":1,"max":1},"advanced":{"hidden":false,"readonly":false,"hideFrame":false,"render":false},"label":{"custom":false,"useLocalizations":false},"size":{"field":"inherit","label":"-1"},"layout":{"label":{"valign":"inherit","align":"inherit"},"field":{"valign":"inherit","align":"inherit"}},"annotations":{},"field":{},"tags":["HideLabel"]},"children":[{"name":"Aktuelt/anamnese","localizedName":"Aktuelt/anamnese","localizedNames":{"en":"*Aktuelt/anamnese (en)","nb":"Aktuelt/anamnese"},"localizedDescriptions":{"nb":"Et individs sykehistorie/anamnese, som fortalt til kliniker eller dokumentert direkte av individet.","en":"*Et individs sykehistorie/anamnese, som fortalt til kliniker eller dokumentert direkte av individet. (nb)"},"rmType":"OBSERVATION","nodeId":"openEHR-EHR-OBSERVATION.story.v1","min":1,"max":1,"aqlPath":"/content[openEHR-EHR-SECTION.adhoc.v1 and name/value='Anamnese']/items[openEHR-EHR-OBSERVATION.story.v1 and name/value='Aktuelt/anamnese']","inputs":[],"formId":"utvalg_innkomstjurnal_kursbergen/anamnese@Anamnese/aktuelt_anamnese@Aktuelt/anamnese","viewConfig":{"multiplicity":{"min":1,"max":1},"advanced":{"hidden":false,"readonly":false,"hideFrame":false,"render":false},"label":{"custom":false,"useLocalizations":false},"size":{"field":"inherit","label":"-1"},"layout":{"label":{"valign":"inherit","align":"inherit"},"field":{"valign":"inherit","align":"inherit"}},"annotations":{},"field":{},"tags":["HideLabel"]},"children":[{"name":"Origin","localizedName":"Origin","localizedNames":{"en":"*Origin (en)","nb":"Origin"},"localizedDescriptions":{},"rmType":"DV_DATE_TIME","min":0,"max":1,"aqlPath":"/content[openEHR-EHR-SECTION.adhoc.v1 and name/value='Anamnese']/items[openEHR-EHR-OBSERVATION.story.v1 and name/value='Aktuelt/anamnese']/data[at0001]/origin","inputs":[{"type":"DATETIME","listOpen":false}],"formId":"utvalg_innkomstjurnal_kursbergen/anamnese@Anamnese/aktuelt_anamnese@Aktuelt/anamnese/event_series/origin","viewConfig":{"multiplicity":{"min":0,"max":1},"advanced":{"hidden":true,"readonly":false,"hideFrame":false,"render":false},"label":{"custom":false,"useLocalizations":false},"size":{"field":"inherit","label":"inherit"},"layout":{"label":{"valign":"inherit","align":"inherit"},"field":{"valign":"inherit","align":"inherit"}},"annotations":{},"field":{"input":{"hideTime":false,"dateFormat":"","hideDate":false}}}},{"name":"Innkomst","localizedName":"Innkomst","localizedNames":{"en":"*Innkomst (en)","nb":"Innkomst"},"localizedDescriptions":{"nb":"Standard, uspesifisert tidspunkt eller tidsintervall som kan defineres mer eksplisitt i en templat eller i en applikasjon.","en":"*Standard, uspesifisert tidspunkt eller tidsintervall som kan defineres mer eksplisitt i en templat eller i en applikasjon. (nb)"},"rmType":"POINT_EVENT","nodeId":"at0002","min":0,"max":1,"aqlPath":"/content[openEHR-EHR-SECTION.adhoc.v1 and name/value='Anamnese']/items[openEHR-EHR-OBSERVATION.story.v1 and name/value='Aktuelt/anamnese']/data[at0001]/events[at0002 and name/value='Innkomst']","inputs":[],"formId":"utvalg_innkomstjurnal_kursbergen/anamnese@Anamnese/aktuelt_anamnese@Aktuelt/anamnese/innkomst@Innkomst","viewConfig":{"multiplicity":{"min":0,"max":1},"advanced":{"hidden":false,"readonly":false,"hideFrame":false,"render":false},"label":{"custom":false,"useLocalizations":false},"size":{"field":"inherit","label":"-1"},"layout":{"label":{"valign":"inherit","align":"inherit"},"field":{"valign":"inherit","align":"inherit"}},"annotations":{},"tags":["HideLabel"]},"children":[{"name":"Aktuelt/Anamnese","localizedName":"Aktuelt/Anamnese","localizedNames":{"en":"*Aktuelt/Anamnese (en)","nb":"Aktuelt/Anamnese"},"localizedDescriptions":{"nb":"Narrativ beskrivelse av sykehistorie/anamnese for et individ.","en":"*Narrativ beskrivelse av sykehistorie/anamnese for et individ. (nb)"},"rmType":"DV_TEXT","nodeId":"at0004","min":0,"max":1,"aqlPath":"/content[openEHR-EHR-SECTION.adhoc.v1 and name/value='Anamnese']/items[openEHR-EHR-OBSERVATION.story.v1 and name/value='Aktuelt/anamnese']/data[at0001]/events[at0002 and name/value='Innkomst']/data[at0003]/items[at0004 and name/value='Aktuelt/Anamnese']/value","inputs":[{"type":"TEXT","list":[],"listOpen":false}],"formId":"utvalg_innkomstjurnal_kursbergen/anamnese@Anamnese/aktuelt_anamnese@Aktuelt/anamnese/innkomst@Innkomst/aktuelt_anamnese@Aktuelt/Anamnese","viewConfig":{"multiplicity":{"min":0,"max":1},"advanced":{"hidden":false,"readonly":false,"hideFrame":false,"render":false},"label":{"custom":false,"useLocalizations":false},"size":{"field":"inherit","label":"inherit"},"layout":{"label":{"valign":"inherit","align":"inherit"},"field":{"valign":"inherit","align":"inherit"}},"annotations":{},"field":{"lines":null,"input":{},"formatting":null}}},{"name":"Time","localizedName":"Time","localizedNames":{"en":"*Time (en)","nb":"Time"},"localizedDescriptions":{},"rmType":"DV_DATE_TIME","min":0,"max":1,"aqlPath":"/content[openEHR-EHR-SECTION.adhoc.v1 and name/value='Anamnese']/items[openEHR-EHR-OBSERVATION.story.v1 and name/value='Aktuelt/anamnese']/data[at0001]/events[at0002 and name/value='Innkomst']/time","inputs":[{"type":"DATETIME","listOpen":false}],"formId":"utvalg_innkomstjurnal_kursbergen/anamnese@Anamnese/aktuelt_anamnese@Aktuelt/anamnese/innkomst@Innkomst/time","viewConfig":{"multiplicity":{"min":0,"max":1},"advanced":{"hidden":true,"readonly":false,"hideFrame":false,"render":false},"label":{"custom":false,"useLocalizations":false},"size":{"field":"inherit","label":"inherit"},"layout":{"label":{"valign":"inherit","align":"inherit"},"field":{"valign":"inherit","align":"inherit"}},"annotations":{},"field":{"input":{"hideTime":false,"dateFormat":"","hideDate":false}}}}]}]}]},{"name":"Status presens","localizedName":"Status presens","localizedNames":{"en":"*Status presens (en)","nb":"Status presens"},"localizedDescriptions":{"nb":"En generisk seksjonsoverskrift som skal gis nytt navn i en templat for å passe i en gitt klinisk kontekst.","en":"*En generisk seksjonsoverskrift som skal gis nytt navn i en templat for å passe i en gitt klinisk kontekst. (nb)"},"rmType":"SECTION","nodeId":"openEHR-EHR-SECTION.adhoc.v1","min":0,"max":1,"aqlPath":"/content[openEHR-EHR-SECTION.adhoc.v1 and name/value='Status presens']","inputs":[],"formId":"utvalg_innkomstjurnal_kursbergen/status_presens@Status presens","viewConfig":{"multiplicity":{"min":0,"max":1},"advanced":{"hidden":false,"readonly":false,"hideFrame":false,"render":false},"label":{"custom":false,"useLocalizations":false},"size":{"field":"inherit","label":"inherit"},"layout":{"label":{"valign":"inherit","align":"inherit"},"field":{"valign":"inherit","align":"inherit"}},"annotations":{},"field":{}},"children":[{"name":"Vitale målinger","localizedName":"Vitale målinger","localizedNames":{"en":"*Vitale målinger (en)","nb":"Vitale målinger"},"localizedDescriptions":{"nb":"En generisk seksjonsoverskrift som skal gis nytt navn i en templat for å passe i en gitt klinisk kontekst.","en":"*En generisk seksjonsoverskrift som skal gis nytt navn i en templat for å passe i en gitt klinisk kontekst. (nb)"},"rmType":"SECTION","nodeId":"openEHR-EHR-SECTION.adhoc.v1","min":0,"max":1,"aqlPath":"/content[openEHR-EHR-SECTION.adhoc.v1 and name/value='Status presens']/items[openEHR-EHR-SECTION.adhoc.v1 and name/value='Vitale målinger']","inputs":[],"formId":"utvalg_innkomstjurnal_kursbergen/status_presens@Status presens/vitale_målinger@Vitale målinger","viewConfig":{"multiplicity":{"min":0,"max":1},"advanced":{"hidden":false,"readonly":false,"hideFrame":false,"render":false},"label":{"custom":false,"useLocalizations":false},"size":{"field":"inherit","label":"-1"},"layout":{"label":{"valign":"inherit","align":"inherit"},"field":{"valign":"inherit","align":"inherit"}},"annotations":{},"field":{},"tags":["HideLabel"]},"children":[{"name":"Høyde/Lengde","localizedName":"Høyde/Lengde","localizedNames":{"en":"*Høyde/Lengde (nb)","nb":"Høyde/Lengde"},"localizedDescriptions":{"nb":"Individets høyde eller lengde målt fra isse til fotsåle.","en":"*Individets høyde eller lengde målt fra isse til fotsåle. (nb)"},"rmType":"OBSERVATION","nodeId":"openEHR-EHR-OBSERVATION.height.v2","min":1,"max":1,"aqlPath":"/content[openEHR-EHR-SECTION.adhoc.v1 and name/value='Status presens']/items[openEHR-EHR-SECTION.adhoc.v1 and name/value='Vitale målinger']/items[openEHR-EHR-OBSERVATION.height.v2]","inputs":[],"formId":"utvalg_innkomstjurnal_kursbergen/status_presens@Status presens/vitale_målinger@Vitale målinger/høyde_lengde","viewConfig":{"multiplicity":{"min":1,"max":1},"advanced":{"hidden":false,"readonly":false,"hideFrame":false,"render":false},"label":{"custom":false,"useLocalizations":false},"size":{"field":"inherit","label":"inherit"},"layout":{"label":{"valign":"inherit","align":"inherit"},"field":{"valign":"inherit","align":"inherit"}},"annotations":{},"field":{}},"children":[{"name":"Origin","localizedName":"Origin","localizedNames":{"en":"*Origin (en)","nb":"Origin"},"localizedDescriptions":{},"rmType":"DV_DATE_TIME","min":0,"max":1,"aqlPath":"/content[openEHR-EHR-SECTION.adhoc.v1 and name/value='Status presens']/items[openEHR-EHR-SECTION.adhoc.v1 and name/value='Vitale målinger']/items[openEHR-EHR-OBSERVATION.height.v2]/data[at0001]/origin","inputs":[{"type":"DATETIME","listOpen":false}],"formId":"utvalg_innkomstjurnal_kursbergen/status_presens@Status presens/vitale_målinger@Vitale målinger/høyde_lengde/history/origin","viewConfig":{"multiplicity":{"min":0,"max":1},"advanced":{"hidden":true,"readonly":false,"hideFrame":false,"render":false},"label":{"custom":false,"useLocalizations":false},"size":{"field":"inherit","label":"inherit"},"layout":{"label":{"valign":"inherit","align":"inherit"},"field":{"valign":"inherit","align":"inherit"}},"annotations":{},"field":{"input":{"hideTime":false,"dateFormat":"","hideDate":false}}}},{"name":"Innkomst","localizedName":"Innkomst","localizedNames":{"en":"*Innkomst (en)","nb":"Innkomst"},"localizedDescriptions":{"nb":"Standard, uspesifisert tidspunkt eller tidsintervall som kan defineres mer eksplisitt i et templat eller i en applikasjon.","en":"*Standard, uspesifisert tidspunkt eller tidsintervall som kan defineres mer eksplisitt i et templat eller i en applikasjon. (nb)"},"rmType":"POINT_EVENT","nodeId":"at0002","min":1,"max":1,"aqlPath":"/content[openEHR-EHR-SECTION.adhoc.v1 and name/value='Status presens']/items[openEHR-EHR-SECTION.adhoc.v1 and name/value='Vitale målinger']/items[openEHR-EHR-OBSERVATION.height.v2]/data[at0001]/events[at0002 and name/value='Innkomst']","inputs":[],"formId":"utvalg_innkomstjurnal_kursbergen/status_presens@Status presens/vitale_målinger@Vitale målinger/høyde_lengde/innkomst@Innkomst","viewConfig":{"multiplicity":{"min":1,"max":1},"advanced":{"hidden":false,"readonly":false,"hideFrame":false,"render":false},"label":{"custom":false,"useLocalizations":false},"size":{"field":"inherit","label":"-1"},"layout":{"label":{"valign":"inherit","align":"inherit"},"field":{"valign":"inherit","align":"inherit"}},"annotations":{},"tags":["HideLabel"]},"children":[{"name":"Høyde (cm)","localizedName":"Høyde (cm)","localizedNames":{"en":"*Høyde (cm) (en)","nb":"Høyde (cm)"},"localizedDescriptions":{"nb":"Høyde/lengde fra isse til fotsåle.","en":"*Høyde/lengde fra isse til fotsåle. (nb)"},"rmType":"DV_QUANTITY","nodeId":"at0004","min":1,"max":1,"aqlPath":"/content[openEHR-EHR-SECTION.adhoc.v1 and name/value='Status presens']/items[openEHR-EHR-SECTION.adhoc.v1 and name/value='Vitale målinger']/items[openEHR-EHR-OBSERVATION.height.v2]/data[at0001]/events[at0002 and name/value='Innkomst']/data[at0003]/items[at0004 and name/value='Høyde (cm)']/value","inputs":[{"suffix":"magnitude","type":"DECIMAL","defaultValue":"","listOpen":false},{"suffix":"unit","type":"CODED_TEXT","list":[{"value":"cm","label":"cm","validation":{"range":{"minOp":">=","min":58.0,"maxOp":"<=","max":350.0},"precision":{"minOp":">=","min":0.0,"maxOp":"<=","max":0.0}},"ordinal":0,"localizedLabels":{},"localizedDescriptions":{}}],"listOpen":false}],"formId":"utvalg_innkomstjurnal_kursbergen/status_presens@Status presens/vitale_målinger@Vitale målinger/høyde_lengde/innkomst@Innkomst/høyde_(cm)@Høyde (cm)","viewConfig":{"multiplicity":{"min":1,"max":1},"advanced":{"hidden":false,"readonly":false,"hideFrame":false,"render":false},"label":{"custom":false,"useLocalizations":false},"size":{"field":"inherit","label":"inherit"},"layout":{"label":{"valign":"inherit","align":"inherit"},"field":{"valign":"inherit","align":"inherit"}},"annotations":{},"field":{}}},{"name":"Time","localizedName":"Time","localizedNames":{"en":"*Time (en)","nb":"Registreringstidspunkt"},"localizedDescriptions":{},"rmType":"DV_DATE_TIME","min":0,"max":1,"aqlPath":"/content[openEHR-EHR-SECTION.adhoc.v1 and name/value='Status presens']/items[openEHR-EHR-SECTION.adhoc.v1 and name/value='Vitale målinger']/items[openEHR-EHR-OBSERVATION.height.v2]/data[at0001]/events[at0002 and name/value='Innkomst']/time","inputs":[{"type":"DATETIME","listOpen":false}],"formId":"utvalg_innkomstjurnal_kursbergen/status_presens@Status presens/vitale_målinger@Vitale målinger/høyde_lengde/innkomst@Innkomst/time","viewConfig":{"multiplicity":{"min":0,"max":1},"advanced":{"hidden":false,"readonly":false,"hideFrame":false,"render":false},"label":{"custom":false,"useLocalizations":false},"size":{"field":"inherit","label":"inherit"},"layout":{"label":{"valign":"inherit","align":"inherit"},"field":{"valign":"inherit","align":"inherit"}},"annotations":{},"field":{"input":{"hideTime":false,"dateFormat":"","hideDate":false}}}}]}]},{"name":"Kroppsvekt","localizedName":"Kroppsvekt","localizedNames":{"en":"*Kroppsvekt (nb)","nb":"Kroppsvekt"},"localizedDescriptions":{"nb":"Individets kroppsvekt.","en":"*Individets kroppsvekt. (nb)"},"rmType":"OBSERVATION","nodeId":"openEHR-EHR-OBSERVATION.body_weight.v2","min":1,"max":1,"aqlPath":"/content[openEHR-EHR-SECTION.adhoc.v1 and name/value='Status presens']/items[openEHR-EHR-SECTION.adhoc.v1 and name/value='Vitale målinger']/items[openEHR-EHR-OBSERVATION.body_weight.v2]","inputs":[],"formId":"utvalg_innkomstjurnal_kursbergen/status_presens@Status presens/vitale_målinger@Vitale målinger/kroppsvekt","viewConfig":{"multiplicity":{"min":1,"max":1},"advanced":{"hidden":false,"readonly":false,"hideFrame":false,"render":false},"label":{"custom":false,"useLocalizations":false},"size":{"field":"inherit","label":"inherit"},"layout":{"label":{"valign":"inherit","align":"inherit"},"field":{"valign":"inherit","align":"inherit"}},"annotations":{},"field":{}},"children":[{"name":"Origin","localizedName":"Origin","localizedNames":{"en":"*Origin (en)","nb":"Origin"},"localizedDescriptions":{},"rmType":"DV_DATE_TIME","min":0,"max":1,"aqlPath":"/content[openEHR-EHR-SECTION.adhoc.v1 and name/value='Status presens']/items[openEHR-EHR-SECTION.adhoc.v1 and name/value='Vitale målinger']/items[openEHR-EHR-OBSERVATION.body_weight.v2]/data[at0002]/origin","inputs":[{"type":"DATETIME","listOpen":false}],"formId":"utvalg_innkomstjurnal_kursbergen/status_presens@Status presens/vitale_målinger@Vitale målinger/kroppsvekt/history/origin","viewConfig":{"multiplicity":{"min":0,"max":1},"advanced":{"hidden":true,"readonly":false,"hideFrame":false,"render":false},"label":{"custom":false,"useLocalizations":false},"size":{"field":"inherit","label":"inherit"},"layout":{"label":{"valign":"inherit","align":"inherit"},"field":{"valign":"inherit","align":"inherit"}},"annotations":{},"field":{"input":{"hideTime":false,"dateFormat":"","hideDate":false}}}},{"name":"Innkomst","localizedName":"Innkomst","localizedNames":{"en":"*Innkomst (en)","nb":"Innkomst"},"localizedDescriptions":{"nb":"Standard, uspesifisert tidspunkt eller tidsintervall som kan defineres mer eksplisitt i et templat eller i en applikasjon.","en":"*Standard, uspesifisert tidspunkt eller tidsintervall som kan defineres mer eksplisitt i et templat eller i en applikasjon. (nb)"},"rmType":"POINT_EVENT","nodeId":"at0003","min":1,"max":1,"aqlPath":"/content[openEHR-EHR-SECTION.adhoc.v1 and name/value='Status presens']/items[openEHR-EHR-SECTION.adhoc.v1 and name/value='Vitale målinger']/items[openEHR-EHR-OBSERVATION.body_weight.v2]/data[at0002]/events[at0003 and name/value='Innkomst']","inputs":[],"formId":"utvalg_innkomstjurnal_kursbergen/status_presens@Status presens/vitale_målinger@Vitale målinger/kroppsvekt/innkomst@Innkomst","viewConfig":{"multiplicity":{"min":1,"max":1},"advanced":{"hidden":false,"readonly":false,"hideFrame":false,"render":false},"label":{"custom":false,"useLocalizations":false},"size":{"field":"inherit","label":"-1"},"layout":{"label":{"valign":"inherit","align":"inherit"},"field":{"valign":"inherit","align":"inherit"}},"annotations":{},"tags":["HideLabel"]},"children":[{"name":"Vekt","localizedName":"Vekt","localizedNames":{"en":"*Vekt (en)","nb":"Vekt"},"localizedDescriptions":{"nb":"Et individs totale kroppsmasse.","en":"*Et individs totale kroppsmasse. (nb)"},"rmType":"DV_QUANTITY","nodeId":"at0004","min":1,"max":1,"aqlPath":"/content[openEHR-EHR-SECTION.adhoc.v1 and name/value='Status presens']/items[openEHR-EHR-SECTION.adhoc.v1 and name/value='Vitale målinger']/items[openEHR-EHR-OBSERVATION.body_weight.v2]/data[at0002]/events[at0003 and name/value='Innkomst']/data[at0001]/items[at0004 and name/value='Vekt']/value","inputs":[{"suffix":"magnitude","type":"DECIMAL","defaultValue":"","listOpen":false},{"suffix":"unit","type":"CODED_TEXT","list":[{"value":"kg","label":"kg","validation":{"range":{"minOp":">=","min":0.0,"maxOp":"<=","max":500.0},"precision":{"minOp":">=","min":1.0,"maxOp":"<=","max":1.0}},"ordinal":0,"localizedLabels":{},"localizedDescriptions":{}},{"value":"g","label":"g","validation":{"range":{"minOp":">=","min":0.0,"maxOp":"<=","max":1000000.0}},"ordinal":0,"localizedLabels":{},"localizedDescriptions":{}}],"listOpen":false}],"formId":"utvalg_innkomstjurnal_kursbergen/status_presens@Status presens/vitale_målinger@Vitale målinger/kroppsvekt/innkomst@Innkomst/vekt@Vekt","viewConfig":{"multiplicity":{"min":1,"max":1},"advanced":{"hidden":false,"readonly":false,"hideFrame":false,"render":false},"label":{"custom":false,"useLocalizations":false},"size":{"field":"inherit","label":"inherit"},"layout":{"label":{"valign":"inherit","align":"inherit"},"field":{"valign":"inherit","align":"inherit"}},"annotations":{},"field":{}}},{"name":"Time","localizedName":"Time","localizedNames":{"en":"*Time (en)","nb":"Registreringstidspunkt"},"localizedDescriptions":{},"rmType":"DV_DATE_TIME","min":0,"max":1,"aqlPath":"/content[openEHR-EHR-SECTION.adhoc.v1 and name/value='Status presens']/items[openEHR-EHR-SECTION.adhoc.v1 and name/value='Vitale målinger']/items[openEHR-EHR-OBSERVATION.body_weight.v2]/data[at0002]/events[at0003 and name/value='Innkomst']/time","inputs":[{"type":"DATETIME","listOpen":false}],"formId":"utvalg_innkomstjurnal_kursbergen/status_presens@Status presens/vitale_målinger@Vitale målinger/kroppsvekt/innkomst@Innkomst/time","viewConfig":{"multiplicity":{"min":0,"max":1},"advanced":{"hidden":false,"readonly":false,"hideFrame":false,"render":false},"label":{"custom":false,"useLocalizations":false},"size":{"field":"inherit","label":"inherit"},"layout":{"label":{"valign":"inherit","align":"inherit"},"field":{"valign":"inherit","align":"inherit"}},"annotations":{},"field":{"input":{"hideTime":false,"dateFormat":"","hideDate":false}}}}]}]},{"name":"Kroppsmasseindeks","localizedName":"Kroppsmasseindeks","localizedNames":{"en":"*Kroppsmasseindeks (nb)","nb":"Kroppsmasseindeks"},"localizedDescriptions":{"nb":"Beregnet verdi som gjenspeiler individets kroppsmasse på grunnlag av dens høyde og vekt.","en":"*Beregnet verdi som gjenspeiler individets kroppsmasse på grunnlag av dens høyde og vekt. (nb)"},"rmType":"OBSERVATION","nodeId":"openEHR-EHR-OBSERVATION.body_mass_index.v2","min":1,"max":1,"aqlPath":"/content[openEHR-EHR-SECTION.adhoc.v1 and name/value='Status presens']/items[openEHR-EHR-SECTION.adhoc.v1 and name/value='Vitale målinger']/items[openEHR-EHR-OBSERVATION.body_mass_index.v2]","inputs":[],"formId":"utvalg_innkomstjurnal_kursbergen/status_presens@Status presens/vitale_målinger@Vitale målinger/kroppsmasseindeks","viewConfig":{"multiplicity":{"min":1,"max":1},"advanced":{"hidden":false,"readonly":false,"hideFrame":false,"render":false},"label":{"custom":false,"useLocalizations":false},"size":{"field":"inherit","label":"inherit"},"layout":{"label":{"valign":"inherit","align":"inherit"},"field":{"valign":"inherit","align":"inherit"}},"annotations":{},"field":{}},"children":[{"name":"Origin","localizedName":"Origin","localizedNames":{"en":"*Origin (en)","nb":"Origin"},"localizedDescriptions":{},"rmType":"DV_DATE_TIME","min":0,"max":1,"aqlPath":"/content[openEHR-EHR-SECTION.adhoc.v1 and name/value='Status presens']/items[openEHR-EHR-SECTION.adhoc.v1 and name/value='Vitale målinger']/items[openEHR-EHR-OBSERVATION.body_mass_index.v2]/data[at0001]/origin","inputs":[{"type":"DATETIME","listOpen":false}],"formId":"utvalg_innkomstjurnal_kursbergen/status_presens@Status presens/vitale_målinger@Vitale målinger/kroppsmasseindeks/history/origin","viewConfig":{"multiplicity":{"min":0,"max":1},"advanced":{"hidden":true,"readonly":false,"hideFrame":false,"render":false},"label":{"custom":false,"useLocalizations":false},"size":{"field":"inherit","label":"inherit"},"layout":{"label":{"valign":"inherit","align":"inherit"},"field":{"valign":"inherit","align":"inherit"}},"annotations":{},"field":{"input":{"hideTime":false,"dateFormat":"","hideDate":false}}}},{"name":"Innkomst","localizedName":"Innkomst","localizedNames":{"en":"*Innkomst (en)","nb":"Innkomst"},"localizedDescriptions":{"nb":"Standard, uspesifisert tidspunkt eller tidsintervall som kan defineres mer eksplisitt i en template eller i en applikasjon.","en":"*Standard, uspesifisert tidspunkt eller tidsintervall som kan defineres mer eksplisitt i en template eller i en applikasjon. (nb)"},"rmType":"POINT_EVENT","nodeId":"at0002","min":1,"max":1,"aqlPath":"/content[openEHR-EHR-SECTION.adhoc.v1 and name/value='Status presens']/items[openEHR-EHR-SECTION.adhoc.v1 and name/value='Vitale målinger']/items[openEHR-EHR-OBSERVATION.body_mass_index.v2]/data[at0001]/events[at0002 and name/value='Innkomst']","inputs":[],"formId":"utvalg_innkomstjurnal_kursbergen/status_presens@Status presens/vitale_målinger@Vitale målinger/kroppsmasseindeks/innkomst@Innkomst","viewConfig":{"multiplicity":{"min":1,"max":1},"advanced":{"hidden":false,"readonly":false,"hideFrame":false,"render":false},"label":{"custom":false,"useLocalizations":false},"size":{"field":"inherit","label":"-1"},"layout":{"label":{"valign":"inherit","align":"inherit"},"field":{"valign":"inherit","align":"inherit"}},"annotations":{},"tags":["HideLabel"]},"children":[{"name":"Kroppsmasseindeks","localizedName":"Kroppsmasseindeks","localizedNames":{"en":"*Kroppsmasseindeks (nb)","nb":"Kroppsmasseindeks"},"localizedDescriptions":{"nb":"Indeks som beskriver forholdet mellom vekt og høyde.","en":"*Indeks som beskriver forholdet mellom vekt og høyde. (nb)"},"rmType":"DV_QUANTITY","nodeId":"at0004","min":1,"max":1,"aqlPath":"/content[openEHR-EHR-SECTION.adhoc.v1 and name/value='Status presens']/items[openEHR-EHR-SECTION.adhoc.v1 and name/value='Vitale målinger']/items[openEHR-EHR-OBSERVATION.body_mass_index.v2]/data[at0001]/events[at0002 and name/value='Innkomst']/data[at0003]/items[at0004]/value","inputs":[{"suffix":"magnitude","type":"DECIMAL","defaultValue":"","listOpen":false},{"suffix":"unit","type":"CODED_TEXT","list":[{"value":"kg/m2","label":"kg/m2","validation":{"range":{"minOp":">=","min":0.0,"maxOp":"<","max":1000.0}},"ordinal":0,"localizedLabels":{},"localizedDescriptions":{}}],"listOpen":false}],"formId":"utvalg_innkomstjurnal_kursbergen/status_presens@Status presens/vitale_målinger@Vitale målinger/kroppsmasseindeks/innkomst@Innkomst/kroppsmasseindeks","viewConfig":{"multiplicity":{"min":1,"max":1},"advanced":{"hidden":false,"readonly":false,"hideFrame":false,"render":false},"label":{"custom":false,"useLocalizations":false},"size":{"field":"inherit","label":"inherit"},"layout":{"label":{"valign":"inherit","align":"inherit"},"field":{"valign":"inherit","align":"inherit"}},"annotations":{},"field":{}}},{"name":"Time","localizedName":"Time","localizedNames":{"en":"*Time (en)","nb":"Time"},"localizedDescriptions":{},"rmType":"DV_DATE_TIME","min":0,"max":1,"aqlPath":"/content[openEHR-EHR-SECTION.adhoc.v1 and name/value='Status presens']/items[openEHR-EHR-SECTION.adhoc.v1 and name/value='Vitale målinger']/items[openEHR-EHR-OBSERVATION.body_mass_index.v2]/data[at0001]/events[at0002 and name/value='Innkomst']/time","inputs":[{"type":"DATETIME","listOpen":false}],"formId":"utvalg_innkomstjurnal_kursbergen/status_presens@Status presens/vitale_målinger@Vitale målinger/kroppsmasseindeks/innkomst@Innkomst/time","viewConfig":{"multiplicity":{"min":0,"max":1},"advanced":{"hidden":false,"readonly":false,"hideFrame":false,"render":false},"label":{"custom":false,"useLocalizations":false},"size":{"field":"inherit","label":"inherit"},"layout":{"label":{"valign":"inherit","align":"inherit"},"field":{"valign":"inherit","align":"inherit"}},"annotations":{},"field":{"input":{"hideTime":false,"dateFormat":"","hideDate":false}}}}]}]}]}]},{"name":"Resymé, vurdering og tiltak","localizedName":"Resymé, vurdering og tiltak","localizedNames":{"en":"*Resymé, vurdering og tiltak (en)","nb":"Resymé, vurdering og tiltak"},"localizedDescriptions":{"nb":"En generisk seksjonsoverskrift som skal gis nytt navn i en templat for å passe i en gitt klinisk kontekst.","en":"*En generisk seksjonsoverskrift som skal gis nytt navn i en templat for å passe i en gitt klinisk kontekst. (nb)"},"rmType":"SECTION","nodeId":"openEHR-EHR-SECTION.adhoc.v1","min":0,"max":1,"aqlPath":"/content[openEHR-EHR-SECTION.adhoc.v1 and name/value='Resymé, vurdering og tiltak']","inputs":[],"formId":"utvalg_innkomstjurnal_kursbergen/resymé,_vurdering_og_tiltak@Resymé, vurdering og tiltak","viewConfig":{"multiplicity":{"min":0,"max":1},"advanced":{"hidden":false,"readonly":false,"hideFrame":false,"render":false},"label":{"custom":false,"useLocalizations":false},"size":{"field":"inherit","label":"-1"},"layout":{"label":{"valign":"inherit","align":"inherit"},"field":{"valign":"inherit","align":"inherit"}},"annotations":{"validateemptycontainer":"false"},"field":{},"tags":["HideLabel"]},"children":[{"name":"Sammendrag/resymé","localizedName":"Sammendrag/resymé","localizedNames":{"en":"*Sammendrag/resymé (en)","nb":"Sammendrag/resymé"},"localizedDescriptions":{"nb":"Fritekstsammendrag eller oversikt om en pasient fra helsepersonellets perspektiv, med eller uten tilhørende fortolkninger.","en":"*Fritekstsammendrag eller oversikt om en pasient fra helsepersonellets perspektiv, med eller uten tilhørende fortolkninger. (nb)"},"rmType":"EVALUATION","nodeId":"openEHR-EHR-EVALUATION.clinical_synopsis.v1","min":1,"max":1,"aqlPath":"/content[openEHR-EHR-SECTION.adhoc.v1 and name/value='Resymé, vurdering og tiltak']/items[openEHR-EHR-EVALUATION.clinical_synopsis.v1 and name/value='Sammendrag/resymé']","inputs":[],"formId":"utvalg_innkomstjurnal_kursbergen/resymé,_vurdering_og_tiltak@Resymé, vurdering og tiltak/sammendrag_resymé@Sammendrag/resymé","viewConfig":{"multiplicity":{"min":1,"max":1},"advanced":{"hidden":false,"readonly":false,"hideFrame":false,"render":false},"label":{"custom":false,"useLocalizations":false},"size":{"field":"inherit","label":"inherit"},"layout":{"label":{"valign":"inherit","align":"inherit"},"field":{"valign":"inherit","align":"inherit"}},"annotations":{},"field":{}},"children":[{"name":"Sammendrag/resymé","localizedName":"Sammendrag/resymé","localizedNames":{"en":"*Sammendrag/resymé (en)","nb":"Sammendrag/resymé"},"localizedDescriptions":{"nb":"Oppsummering, vurdering, konklusjoner eller evaluering av de kliniske funnene.","en":"*Oppsummering, vurdering, konklusjoner eller evaluering av de kliniske funnene. (nb)"},"rmType":"DV_TEXT","nodeId":"at0002","min":1,"max":1,"aqlPath":"/content[openEHR-EHR-SECTION.adhoc.v1 and name/value='Resymé, vurdering og tiltak']/items[openEHR-EHR-EVALUATION.clinical_synopsis.v1 and name/value='Sammendrag/resymé']/data[at0001]/items[at0002 and name/value='Sammendrag/resymé']/value","inputs":[{"type":"TEXT","list":[],"listOpen":false}],"formId":"utvalg_innkomstjurnal_kursbergen/resymé,_vurdering_og_tiltak@Resymé, vurdering og tiltak/sammendrag_resymé@Sammendrag/resymé/sammendrag_resymé@Sammendrag/resymé","viewConfig":{"multiplicity":{"min":1,"max":1},"advanced":{"hidden":false,"readonly":false,"hideFrame":false,"render":false},"label":{"custom":false,"useLocalizations":false},"size":{"field":"inherit","label":"inherit"},"layout":{"label":{"valign":"inherit","align":"inherit"},"field":{"valign":"inherit","align":"inherit"}},"annotations":{},"field":{"lines":null,"input":{},"formatting":null}}}]}]}]}]}